PuzzleId,FEN,Moves,Rating,RatingDeviation,Popularity,NbPlays,Themes,GameUrl,OpeningTags
F0000,5pk1/6pp/8/8/8/8/8/R5K1 b - - 0 1,f8f7 a1a8,600,75,90,1000,mateIn1 short,https://lichess.org/fixture0#20,
F0001,k5q1/8/8/8/8/5n2/6K1/8 w - - 0 1,g2h1 g8g1,953,75,90,1001,mateIn1 short,https://lichess.org/fixture1#21,
F0002,r6k/6pp/8/6N1/8/8/8/7K b - - 0 1,a8g8 g5f7,1306,75,90,1002,mateIn1 short,https://lichess.org/fixture2#22,
F0003,6rk/8/8/8/8/8/K6r/8 w - - 0 1,a2a1 g8g1,1659,75,90,1003,mateIn1 short,https://lichess.org/fixture3#23,
F0004,8/k7/2K5/8/8/8/8/1Q6 b - - 0 1,a7a8 b1b7,2012,75,90,1004,mateIn1 short,https://lichess.org/fixture4#24,
F0005,7k/3R4/7q/8/8/8/8/4KR2 w - - 0 1,d7d1 h6e3,2365,75,90,1005,mateIn1 short,https://lichess.org/fixture5#25,
F0006,8/3Q2k1/6P1/8/8/8/8/7K b - - 0 1,g7h8 d7h7,918,75,90,1006,mateIn1 short,https://lichess.org/fixture6#26,
F0007,r7/8/7K/5k2/8/8/8/8 w - - 0 1,h6h5 a8h8,1271,75,90,1007,mateIn1 short,https://lichess.org/fixture7#27,
F0008,8/6k1/8/6K1/8/8/8/1Q6 b - - 0 1,g7h8 g5g6 h8g8 b1b8,1624,75,90,1008,mateIn2 short,https://lichess.org/fixture8#28,
F0009,1K6/8/8/1k6/8/8/8/6q1 w - - 0 1,b8a8 b5b6 a8b8 g1g8,1977,75,90,1009,mateIn2 short,https://lichess.org/fixture9#29,
F0010,8/6k1/8/6K1/8/8/8/R7 b - - 0 1,g7h8 g5g6 h8g8 a1a8,2330,75,90,1010,mateIn2 short,https://lichess.org/fixture10#30,
F0011,6rk/8/8/8/8/K4r2/8/8 w - - 0 1,a3b2 g8g2 b2b1 f3f1,883,75,90,1011,mateIn2 short,https://lichess.org/fixture11#31,
F0012,6R1/8/8/8/8/5R2/8/k6K b - - 0 1,a1b2 g8g2 b2b1 f3f1,1236,75,90,1012,mateIn2 short,https://lichess.org/fixture12#32,
F0013,4r1k1/4r3/8/8/8/8/6PP/R3RPK1 w - - 0 1,f1f2 e7e1 a1e1 e8e1,1589,75,90,1013,mateIn2 short,https://lichess.org/fixture13#33,
F0014,r3rpk1/6pp/8/8/8/8/4Q3/4R1K1 b - - 0 1,f8f7 e2e8 a8e8 e1e8,1942,75,90,1014,mateIn2 short,https://lichess.org/fixture14#34,
F0015,4K3/8/2r5/r7/3kP2P/8/8/8 w - - 0 1,e8f8 a5a7 e4e5 c6c8,2295,75,90,1015,mateIn2 short,https://lichess.org/fixture15#35,
F0016,8/8/8/k6R/8/8/8/6RK b - - 0 1,a5b6 g1g6 b6a7 h5h7 a7a8 g6g8,848,75,90,1016,mateIn3 long,https://lichess.org/fixture16#36,
F0017,1r5k/8/8/8/r4K2/8/8/8 w - - 0 1,f4g3 b8b3 g3f2 a4a2 f2e1 b3b1,1201,75,90,1017,mateIn3 long,https://lichess.org/fixture17#37,
F0018,8/k7/8/K7/8/8/8/1Q6 b - - 0 1,a7a8 a5b6 a8b8 b1b5 b8c8 b5e8,1554,75,90,1018,mateIn3 long,https://lichess.org/fixture18#38,
F0019,r7/8/8/8/k7/8/K7/8 w - - 0 1,a2a1 a4a3 a1b1 a8c8 b1a1 c8c1,1907,75,90,1019,mateIn3 long,https://lichess.org/fixture19#39,
F0020,8/6k1/3P4/5K2/8/8/8/8 b - - 0 1,g7h8 f5g6 h8g8 d6d7 g8h8 d7d8q,2260,75,90,1020,mateIn3 long,https://lichess.org/fixture20#40,
F0021,r7/4k3/8/6K1/8/8/8/7Q w - - 0 1,g5h4 a8h8 h4g3 h8h1,813,75,90,1021,skewer endgame,https://lichess.org/fixture21#41,
F0022,3q4/8/8/8/2k5/8/4K3/R7 b - - 0 1,c4d5 a1d1 d5c6 d1d8,1166,75,90,1022,skewer endgame,https://lichess.org/fixture22#42,
F0023,4r1k1/1b3p2/3N4/8/8/8/8/4K3 w - - 0 1,d6e4 f7f5 e1d2 f5e4,1519,75,90,1023,pin endgame,https://lichess.org/fixture23#43,
F0024,8/3k4/8/1B6/1n1P4/8/8/6K1 b - - 0 1,b4c6 d4d5 d7e7 d5c6,1872,75,90,1024,pin endgame,https://lichess.org/fixture24#44,
F0025,6k1/2Q5/8/4n3/8/8/8/4K3 w - - 0 1,c7c1 e5d3 e1d2 d3c1,2225,75,90,1025,fork middlegame,https://lichess.org/fixture25#45,
F0026,6k1/8/8/8/8/8/8/r2Q2K1 b - - 0 1,a1a8 d1d5 g8g7 d5a8,778,75,90,1026,fork middlegame,https://lichess.org/fixture26#46,
F0027,Q3r1k1/8/8/4n3/8/8/8/4K3 w - - 0 1,a8f3 e5f3,1131,75,90,1027,discoveredAttack middlegame,https://lichess.org/fixture27#47,
F0028,4k3/8/8/8/4N3/8/8/2r1R1K1 b - - 0 1,c1c5 e4c5,1484,75,90,1028,discoveredAttack middlegame,https://lichess.org/fixture28#48,
F0029,2Qrk3/8/8/3b4/8/8/8/3K4 w - - 0 1,c8c4 d5c4,1837,75,90,1029,discoveredAttack middlegame,https://lichess.org/fixture29#49,
F0030,2Q5/3N4/1K3b2/8/8/8/6k1/8 b - - 0 1,g2h3 d7f6,2190,75,90,1030,discoveredAttack middlegame,https://lichess.org/fixture30#50,
F0031,3K4/4n3/8/3B4/3k4/8/4q3/8 w - - 0 1,d8e8 e7d5,743,75,90,1031,discoveredAttack middlegame,https://lichess.org/fixture31#51,
F0032,8/2Kn4/4BQ2/k7/8/8/8/8 b - - 0 1,a5a6 e6d7,1096,75,90,1032,discoveredAttack middlegame,https://lichess.org/fixture32#52,
F0033,6k1/Q4ppp/8/8/8/8/1B3PPP/6K1 w - - 0 1,a7d4 f7f6,1449,75,90,1033,defensiveMove middlegame,https://lichess.org/fixture33#53,
F0034,6k1/1b3ppp/8/8/8/8/4qPPP/6K1 b - - 0 1,e2f3 g2f3,1802,75,90,1034,defensiveMove middlegame,https://lichess.org/fixture34#54,
F0035,6k1/2Q2ppp/8/8/8/8/1B3PPP/6K1 w - - 0 1,c7c3 f7f6,2155,75,90,1035,defensiveMove middlegame,https://lichess.org/fixture35#55,
F0036,r5k1/5ppp/8/8/8/8/2q2PPP/6K1 b - - 0 1,c2e4 h2h3,708,75,90,1036,defensiveMove middlegame,https://lichess.org/fixture36#56,
F0037,6k1/4Qppp/8/8/8/8/5PPP/R5K1 w - - 0 1,e7f6 g7f6,1061,75,90,1037,defensiveMove middlegame,https://lichess.org/fixture37#57,
F0038,r5k1/5ppp/8/8/8/8/3q1PPP/6K1 b - - 0 1,d2f4 f2f3,1414,75,90,1038,defensiveMove middlegame,https://lichess.org/fixture38#58,
F0039,6k1/Q4ppp/8/8/8/8/5PPP/6K1 w - - 0 1,a7d7 h7h6,1767,75,90,1039,defensiveMove middlegame,https://lichess.org/fixture39#59,
F0040,6k1/5ppp/8/8/8/8/1q3PPP/6K1 b - - 0 1,b2d4 g2g3,2120,75,90,1040,defensiveMove middlegame,https://lichess.org/fixture40#60,
F0041,k7/3r3Q/8/8/8/8/8/K7 w - - 0 1,h7d3 d7d3,673,75,90,1041,hangingPiece crushing,https://lichess.org/fixture41#61,
F0042,4k3/4b3/8/3N4/8/8/2r5/6K1 b - - 0 1,c2c7 d5c7,1026,75,90,1042,hangingPiece crushing,https://lichess.org/fixture42#62,
F0043,r3B2k/1p6/8/8/8/8/8/7K w - - 0 1,e8c6 b7c6,1379,75,90,1043,hangingPiece crushing,https://lichess.org/fixture43#63,
F0044,5k2/2N5/8/8/8/8/r7/4K3 b - - 0 1,a2a8 c7a8,1732,75,90,1044,hangingPiece crushing,https://lichess.org/fixture44#64,
F0045,3q2k1/5N2/8/8/8/2P5/1P6/K7 w - - 0 1,f7g5 d8g5,2085,75,90,1045,hangingPiece crushing,https://lichess.org/fixture45#65,
F0046,7k/8/1p4p1/3Q1n2/8/8/8/7K b - - 0 1,b6b5 d5b5,638,75,90,1046,hangingPiece crushing,https://lichess.org/fixture46#66,
F0047,k4B2/8/8/7r/8/8/8/K7 w - - 0 1,f8c5 h5c5,991,75,90,1047,hangingPiece crushing,https://lichess.org/fixture47#67,
F0048,4k3/8/8/8/4B3/8/8/1q2R1K1 b - - 0 1,b1b7 e4b7,1344,75,90,1048,hangingPiece crushing,https://lichess.org/fixture48#68,
F0049,4r1k1/5pbp/2N5/8/8/8/5PPP/3R2K1 w - - 0 1,c6d4 e8e1 d1e1 g7d4,1697,75,90,1049,deflection middlegame,https://lichess.org/fixture49#69,
F0050,1r2k3/5ppp/8/2n5/6B1/8/5PPP/1R4K1 b - - 0 1,c5d7 g4d7 e8d7 b1b8,2050,75,90,1050,capturingDefender,https://lichess.org/fixture50#70,
F0051,k7/r1K5/8/2Q5/8/8/8/8 w - - 0 1,c7b6 a7c7 c5c7,603,75,90,1051,equality endgame,https://lichess.org/fixture51#71,
R0052,5k2/5ppp/8/8/8/8/8/R5K1 b - - 0 1,f8g8 a1a7 g8f8 a7a8,1252,80,50,10,mateIn2 short,https://lichess.org/reject52#30,
R0053,7k/8/8/5N2/8/8/8/K5Q1 b - - 0 1,h8h7 g1g2,1253,80,50,10,mateIn1 short,https://lichess.org/reject53#30,
R0054,2q1k3/8/8/8/8/4N3/8/6K1 b - - 0 1,e8d8 e3f5,1254,80,50,10,fork middlegame,https://lichess.org/reject54#30,
R0055,2q1k3/8/8/8/8/4N3/8/6K1 b - - 0 1,e8d8 e3e5,1255,80,50,10,fork middlegame,https://lichess.org/reject55#30,
R0056,6k1/5ppp/8/8/8/8/5PPP/6K1 b - - 0 1,g8h8 h2h3,1256,80,50,10,defensiveMove,https://lichess.org/reject56#30,
R0057,6k1/5ppp/8/8/8/8/5PPP/6K1 b - - 0 1,g8g6 h2h3,1257,80,50,10,mateIn1,https://lichess.org/reject57#30,
